{
    "name": "root",
    "metadata": {
        "timer_format_version": "0.1.0",
        "start_time_seconds": "1716128917",
        "python_version": "3.7.9 (tags/v3.7.9:13c94747c7, Aug 17 2020, 18:58:18) [MSC v.1900 64 bit (AMD64)]",
        "command_line_arguments": "C:\\Users\\roelh\\Coding\\TestML\\venv\\Scripts\\mlagents-learn --run-id=2 --force",
        "mlagents_version": "0.29.0",
        "mlagents_envs_version": "0.29.0",
        "communication_protocol_version": "1.5.0",
        "pytorch_version": "1.7.0+cu110",
        "numpy_version": "1.21.2",
        "end_time_seconds": "1716128950"
    },
    "total": 33.1429428,
    "count": 1,
    "self": 0.006828200000001061,
    "children": {
        "run_training.setup": {
            "total": 0.02658830000000001,
            "count": 1,
            "self": 0.02658830000000001
        },
        "TrainerController.start_learning": {
            "total": 33.1095263,
            "count": 1,
            "self": 0.014214299999970592,
            "children": {
                "TrainerController._reset_env": {
                    "total": 6.2427487,
                    "count": 1,
                    "self": 6.2427487
                },
                "TrainerController.advance": {
                    "total": 26.758547700000033,
                    "count": 714,
                    "self": 0.013378500000026605,
                    "children": {
                        "env_step": {
                            "total": 26.67446889999998,
                            "count": 714,
                            "self": 26.124282999999952,
                            "children": {
                                "SubprocessEnvManager._take_step": {
                                    "total": 0.5414145000000081,
                                    "count": 714,
                                    "self": 0.038003900000025403,
                                    "children": {
                                        "TorchPolicy.evaluate": {
                                            "total": 0.5034105999999827,
                                            "count": 714,
                                            "self": 0.10155309999999673,
                                            "children": {
                                                "TorchPolicy.sample_actions": {
                                                    "total": 0.401857499999986,
                                                    "count": 714,
                                                    "self": 0.401857499999986
                                                }
                                            }
                                        }
                                    }
                                },
                                "workers": {
                                    "total": 0.008771400000018303,
                                    "count": 713,
                                    "self": 0.0,
                                    "children": {
                                        "worker_root": {
                                            "total": 24.658823099999985,
                                            "count": 713,
                                            "is_parallel": true,
                                            "self": 1.2847636000000122,
                                            "children": {
                                                "steps_from_proto": {
                                                    "total": 0.0003137000000004164,
                                                    "count": 1,
                                                    "is_parallel": true,
                                                    "self": 0.00012240000000041107,
                                                    "children": {
                                                        "_process_rank_one_or_two_observation": {
                                                            "total": 0.00019130000000000535,
                                                            "count": 2,
                                                            "is_parallel": true,
                                                            "self": 0.00019130000000000535
                                                        }
                                                    }
                                                },
                                                "UnityEnvironment.step": {
                                                    "total": 23.373745799999973,
                                                    "count": 713,
                                                    "is_parallel": true,
                                                    "self": 0.055946299999938276,
                                                    "children": {
                                                        "UnityEnvironment._generate_step_input": {
                                                            "total": 0.04005140000002516,
                                                            "count": 713,
                                                            "is_parallel": true,
                                                            "self": 0.04005140000002516
                                                        },
                                                        "communicator.exchange": {
                                                            "total": 23.123787499999985,
                                                            "count": 713,
                                                            "is_parallel": true,
                                                            "self": 23.123787499999985
                                                        },
                                                        "steps_from_proto": {
                                                            "total": 0.15396060000002443,
                                                            "count": 713,
                                                            "is_parallel": true,
                                                            "self": 0.07985180000000636,
                                                            "children": {
                                                                "_process_rank_one_or_two_observation": {
                                                                    "total": 0.07410880000001807,
                                                                    "count": 1426,
                                                                    "is_parallel": true,
                                                                    "self": 0.07410880000001807
                                                                }
                                                            }
                                                        }
                                                    }
                                                }
                                            }
                                        }
                                    }
                                }
                            }
                        },
                        "trainer_advance": {
                            "total": 0.07070030000002525,
                            "count": 713,
                            "self": 0.01699699999996085,
                            "children": {
                                "process_trajectory": {
                                    "total": 0.0537033000000644,
                                    "count": 713,
                                    "self": 0.0537033000000644
                                }
                            }
                        }
                    }
                },