{
    "name": "root",
    "metadata": {
        "timer_format_version": "0.1.0",
        "start_time_seconds": "1716126375",
        "python_version": "3.7.9 (tags/v3.7.9:13c94747c7, Aug 17 2020, 18:58:18) [MSC v.1900 64 bit (AMD64)]",
        "command_line_arguments": "C:\\Users\\roelh\\Coding\\TestML\\venv\\Scripts\\mlagents-learn --run-id=2 --force",
        "mlagents_version": "0.29.0",
        "mlagents_envs_version": "0.29.0",
        "communication_protocol_version": "1.5.0",
        "pytorch_version": "1.7.0+cu110",
        "numpy_version": "1.21.2",
        "end_time_seconds": "1716126447"
    },
    "total": 71.2565692,
    "count": 1,
    "self": 0.008100500000011834,
    "children": {
        "run_training.setup": {
            "total": 0.10931020000000036,
            "count": 1,
            "self": 0.10931020000000036
        },
        "TrainerController.start_learning": {
            "total": 71.1391585,
            "count": 1,
            "self": 0.050896399999828645,
            "children": {
                "TrainerController._reset_env": {
                    "total": 9.2530287,
                    "count": 1,
                    "self": 9.2530287
                },
                "TrainerController.advance": {
                    "total": 61.73738570000016,
                    "count": 2205,
                    "self": 0.05002160000037037,
                    "children": {
                        "env_step": {
                            "total": 56.297058799999924,
                            "count": 2205,
                            "self": 54.24771659999996,
                            "children": {
                                "SubprocessEnvManager._take_step": {
                                    "total": 2.0150756999999277,
                                    "count": 2205,
                                    "self": 0.14886039999993272,
                                    "children": {
                                        "TorchPolicy.evaluate": {
                                            "total": 1.866215299999995,
                                            "count": 2205,
                                            "self": 0.3392846000001253,
                                            "children": {
                                                "TorchPolicy.sample_actions": {
                                                    "total": 1.5269306999998697,
                                                    "count": 2205,
                                                    "self": 1.5269306999998697
                                                }
                                            }
                                        }
                                    }
                                },
                                "workers": {
                                    "total": 0.03426650000003484,
                                    "count": 2204,
                                    "self": 0.0,
                                    "children": {
                                        "worker_root": {
                                            "total": 59.58226829999988,
                                            "count": 2204,
                                            "is_parallel": true,
                                            "self": 10.451780699999858,
                                            "children": {
                                                "steps_from_proto": {
                                                    "total": 0.0022354999999993908,
                                                    "count": 1,
                                                    "is_parallel": true,
                                                    "self": 0.0001640999999992232,
                                                    "children": {
                                                        "_process_rank_one_or_two_observation": {
                                                            "total": 0.0020714000000001676,
                                                            "count": 2,
                                                            "is_parallel": true,
                                                            "self": 0.0020714000000001676
                                                        }
                                                    }
                                                },
                                                "UnityEnvironment.step": {
                                                    "total": 49.128252100000026,
                                                    "count": 2204,
                                                    "is_parallel": true,
                                                    "self": 0.27197109999957547,
                                                    "children": {
                                                        "UnityEnvironment._generate_step_input": {
                                                            "total": 0.4093670999999972,
                                                            "count": 2204,
                                                            "is_parallel": true,
                                                            "self": 0.4093670999999972
                                                        },
                                                        "communicator.exchange": {
                                                            "total": 47.8062871000003,
                                                            "count": 2204,
                                                            "is_parallel": true,
                                                            "self": 47.8062871000003
                                                        },
                                                        "steps_from_proto": {
                                                            "total": 0.6406268000001525,
                                                            "count": 2204,
                                                            "is_parallel": true,
                                                            "self": 0.2806808000002814,
                                                            "children": {
                                                                "_process_rank_one_or_two_observation": {
                                                                    "total": 0.3599459999998711,
                                                                    "count": 4408,
                                                                    "is_parallel": true,
                                                                    "self": 0.3599459999998711
                                                                }
                                                            }
                                                        }
                                                    }
                                                }
                                            }
                                        }
                                    }
                                }
                            }
                        },
                        "trainer_advance": {
                            "total": 5.390305299999866,
                            "count": 2204,
                            "self": 0.061688399999919596,
                            "children": {
                                "process_trajectory": {
                                    "total": 1.4983403999999574,
                                    "count": 2204,
                                    "self": 1.4983403999999574
                                },
                                "_update_policy": {
                                    "total": 3.8302764999999894,