{
    "name": "root",
    "metadata": {
        "timer_format_version": "0.1.0",
        "start_time_seconds": "1716129361",
        "python_version": "3.7.9 (tags/v3.7.9:13c94747c7, Aug 17 2020, 18:58:18) [MSC v.1900 64 bit (AMD64)]",
        "command_line_arguments": "C:\\Users\\roelh\\Coding\\TestML\\venv\\Scripts\\mlagents-learn --run-id=2 --force",
        "mlagents_version": "0.29.0",
        "mlagents_envs_version": "0.29.0",
        "communication_protocol_version": "1.5.0",
        "pytorch_version": "1.7.0+cu110",
        "numpy_version": "1.21.2",
        "end_time_seconds": "1716129733"
    },
    "total": 371.85175169999997,
    "count": 1,
    "self": 0.007103799999924831,
    "children": {
        "run_training.setup": {
            "total": 0.02667929999999985,
            "count": 1,
            "self": 0.02667929999999985
        },
        "TrainerController.start_learning": {
            "total": 371.81796860000003,
            "count": 1,
            "self": 0.021864199999470202,
            "children": {
                "TrainerController._reset_env": {
                    "total": 11.8810826,
                    "count": 1,
                    "self": 11.8810826
                },
                "TrainerController.advance": {
                    "total": 359.80728450000055,
                    "count": 960,
                    "self": 0.022727399999780573,
                    "children": {
                        "env_step": {
                            "total": 359.19019670000057,
                            "count": 960,
                            "self": 358.303281900001,
                            "children": {
                                "SubprocessEnvManager._take_step": {
                                    "total": 0.8729192999989479,
                                    "count": 960,
                                    "self": 0.06197319999906448,
                                    "children": {
                                        "TorchPolicy.evaluate": {
                                            "total": 0.8109460999998834,
                                            "count": 960,
                                            "self": 0.1475090000002588,
                                            "children": {
                                                "TorchPolicy.sample_actions": {
                                                    "total": 0.6634370999996246,
                                                    "count": 960,
                                                    "self": 0.6634370999996246
                                                }
                                            }
                                        }
                                    }
                                },
                                "workers": {
                                    "total": 0.013995500000604011,
                                    "count": 959,
                                    "self": 0.0,
                                    "children": {
                                        "worker_root": {
                                            "total": 356.92310890000044,
                                            "count": 959,
                                            "is_parallel": true,
                                            "self": 2.767354500000579,
                                            "children": {
                                                "steps_from_proto": {
                                                    "total": 0.0004193999999984044,
                                                    "count": 1,
                                                    "is_parallel": true,
                                                    "self": 0.00015430000000016264,
                                                    "children": {
                                                        "_process_rank_one_or_two_observation": {
                                                            "total": 0.00026509999999824174,
                                                            "count": 2,
                                                            "is_parallel": true,
                                                            "self": 0.00026509999999824174
                                                        }
                                                    }
                                                },
                                                "UnityEnvironment.step": {
                                                    "total": 354.15533499999987,
                                                    "count": 959,
                                                    "is_parallel": true,
                                                    "self": 0.11897540000006757,
                                                    "children": {
                                                        "UnityEnvironment._generate_step_input": {
                                                            "total": 0.1772625999999189,
                                                            "count": 959,
                                                            "is_parallel": true,
                                                            "self": 0.1772625999999189
                                                        },
                                                        "communicator.exchange": {
                                                            "total": 353.5700738999997,
                                                            "count": 959,
                                                            "is_parallel": true,
                                                            "self": 353.5700738999997
                                                        },
                                                        "steps_from_proto": {
                                                            "total": 0.28902310000019327,
                                                            "count": 959,
                                                            "is_parallel": true,
                                                            "self": 0.12371300000047647,
                                                            "children": {
                                                                "_process_rank_one_or_two_observation": {
                                                                    "total": 0.1653100999997168,
                                                                    "count": 1918,
                                                                    "is_parallel": true,
                                                                    "self": 0.1653100999997168
                                                                }
                                                            }
                                                        }
                                                    }
                                                }
                                            }
                                        }
                                    }
                                }
                            }
                        },
                        "trainer_advance": {
                            "total": 0.5943604000002232,
                            "count": 959,
                            "self": 0.02648010000003964,
                            "children": {
                                "process_trajectory": {
                                    "total": 0.5678803000001835,
                                    "count": 959,
                                    "self": 0.5678803000001835
                                }
                            }
                        }
                    }
                },