{"count":1,"self":3262.9102592,"total":4152.6563162,"children":{"InitializeActuators":{"count":5,"self":0.0009965,"total":0.0009965,"children":null},"InitializeSensors":{"count":5,"self":0.00099669999999999989,"total":0.00099669999999999989,"children":null},"AgentSendState":{"count":217635,"self":1.8104023999999999,"total":4.3550346,"children":{"CollectObservations":{"count":217635,"self":0.4233146,"total":0.4233146,"children":null},"WriteActionMask":{"count":217635,"self":0.17991649999999998,"total":0.17991649999999998,"children":null},"RequestDecision":{"count":217635,"self":0.5848335,"total":1.9414011999999998,"children":{"AgentInfo.ToProto":{"count":217635,"self":0.47640089999999996,"total":1.3565677,"children":{"GenerateSensorData":{"count":217635,"self":0.88016679999999992,"total":0.88016679999999992,"children":null}}}}}}},"DecideAction":{"count":217635,"self":269.3228032,"total":269.3228147,"children":null},"AgentAct":{"count":217635,"self":616.06318079999994,"total":616.0662062,"children":{"AgentInfo.ToProto":{"count":215,"self":0.0030023,"total":0.0030023,"children":{"GenerateSensorData":{"count":215,"self":0,"total":0,"children":null}}}}}},"gauges":{"MoveFish.CumulativeReward":{"count":215,"max":367.780731,"min":258.8021,"runningAverage":326.8135,"value":329.8162,"weightedAverage":330.9439}},"metadata":{"timer_format_version":"0.1.0","start_time_seconds":"1716635429","unity_version":"2023.1.20f1","command_line_arguments":"C:\\Program Files\\Unity\\Hub\\Editor\\2023.1.20f1\\Editor\\Unity.exe -projectpath C:\\Users\\Roel\\Coding\\TestML -useHub -hubIPC -cloudEnvironment production -licensingIpc LicenseClient-Roel -hubSessionId 83743489-b2de-4cff-a9e5-5e0c1e2f1533 -accessToken GaI8Js4qmf-XZmeMiq7Pd0Mu3X-8EAzavbZMWPWyWKs008f","communication_protocol_version":"1.5.0","com.unity.ml-agents_version":"2.0.1","scene_name":"Main","end_time_seconds":"1716639582"}}